stateCode,govAffiliation,govName,State,population2019,Amount
AL,R,Kay Ivey,Alabama,4903185,297054496.0
AK,R,Mike Dunleavy,Alaska,731545,296229333.0
AZ,R,Doug Ducey,Arizona,7278717,488730674.0
AR,R,Asa Hutchinson,Arkansas,3017804,203988670.0
CA,D,Gavin Newsom,California,39512223,2301535272.0
CO,D,Jared Polis,Colorado,5758736,340596404.0
CT,D,Ned Lamont,Connecticut,3565287,324650326.0
DE,D,John Carney,Delaware,973764,107967343.0
FL,R,Ron DeSantis,Florida,21477737,1047299514.0
GA,R,Brian Kemp,Georgia,10617423,775529463.0
HI,D,David Ige,Hawaii,1415872,108535217.0
ID,R,Brad Little,Idaho,1787065,135532559.0
IL,D,J.B. Pritzker,Illinois,12671821,947925479.0
IN,R,Eric Holcomb,Indiana,6732219,415191818.0
IA,R,Kim Reynolds,Iowa,3155070,219744959.0
KS,D,Laura Kelly,Kansas,2913314,196765821.0
KY,D,Andy Beshear,Kentucky,4467673,285631510.0
LA,D,John Bel Edwards,Louisiana,4648794,400872226.0
ME,D,Janet Mills,Maine,1344212,124972727.0
MD,R,Larry Hogan,Maryland,6045680,407991520.0
MA,R,Charlie Baker,Massachusetts,6892503,667949578.0
MI,D,Gretchen Whitmer,Michigan,9986857,704026410.0
MN,D,Tim Walz,Minnesota,5639632,304304840.0
MS,R,Tate Reeves,Mississippi,2976149,240952468.0
MO,R,Mike Parson,Missouri,6137428,376042767.0
MT,D,Steve Bullock,Montana,1068778,129272761.0
NE,R,Pete Ricketts,Nebraska,1934408,165211832.0
NV,D,Steve Sisolak,Nevada,3080156,186933234.0
NH,R,Chris Sununu,New Hampshire,1359711,111678867.0
NJ,D,Phil Murphy,New Jersey,8882190,888163393.0
NM,D,Michelle Lujan Grisham,New Mexico,2096829,207629314.0
NY,D,Andrew Cuomo,New York,19453561,2265620860.0
NC,D,Roy Cooper,North Carolina,10488084,655738807.0
ND,R,Doug Burgum,North Dakota,762062,110041218.0
OH,R,Mike DeWine,Ohio,11689100,616078949.0
OK,R,Kevin Stitt,Oklahoma,3956971,459749451.0
OR,D,Kate Brown,Oregon,4217737,247781535.0
PA,D,Tom Wolf,Pennsylvania,12801989,783022769.0
RI,D,Gina Raimondo,Rhode Island,1059361,148002223.0
SC,R,Henry McMaster,South Carolina,5148714,301397872.0
SD,R,Kristi Noem,South Dakota,884659,131987493.0
TN,R,Bill Lee,Tennessee,6829174,407540878.0
TX,R,Greg Abbott,Texas,28995881,1454565490.0
UT,R,Gary Herbert,Utah,3205958,192000700.0
VT,R,Phil Scott,Vermont,623989,102414363.0
VA,D,Ralph Northam,Virginia,8535519,440514013.0
WA,D,Jay Inslee,Washington,7614893,469996498.0
WV,R,Jim Justice,West Virginia,1792147,160789423.0
WI,D,Tony Evers,Wisconsin,5822434,328644695.0
WY,R,Mark Gordon,Wyoming,578759,91129941.0
